{
    "providers": [
      {
        "type": "caxton",
        "regular": {
          "file": "pseudoforceyt:catamaran_regular.ttf",
          "scale_factor": 1.4,
          "shadow_offset": 1.0,
          "shift": [-1.0,0.0]
        },
        "bold": {
          "file": "pseudoforceyt:catamaran_bold.ttf",
          "scale_factor": 1.4,
          "shadow_offset": 1.0,
          "shift": [-1.0,0.0]
        }
      },
      {
        "type": "reference",
        "id": "minecraft:include/unifont"
      }
    ]
}
  