{
  "providers": [
    {
      "type": "caxton",
      "regular": {
        "file": "pseudoforceyt:sfpd_regular.ttf",
        "shadow_offset": 0.5
      },
      "bold": {
        "file": "pseudoforceyt:sfpd_bold.ttf",
        "shadow_offset": 0.5
      },
      "italic": {
        "file": "pseudoforceyt:sfpd_regularitalic.ttf",
        "shadow_offset": 0.5
      },
      "bold_italic": {
        "file": "pseudoforceyt:sfpd_bolditalic.ttf",
        "shadow_offset": 0.5
      }
    },
    {
      "type": "reference",
      "id": "minecraft:include/space"
    },
    {
      "type": "reference",
      "id": "minecraft:include/default"
    }
  ]
}
